Package Manager,install-nm,install-nm-cached,install-nm-with-more-packages
npm,0.88456966,0.634877702,2.682651499
pnpm,0.87169233,0.631165706,1.765613944
yarn,1.014929498,0.800332563,3.583948629